City_ID,City,Lat,Lng,Max Temp,Humidity,Cloudiness,Wind Speed,Country,Date
0,Hilo,19.7297,-155.09,72.1,90,100,1.01,US,2022-04-05 18:21:30
1,Vila Franca Do Campo,37.7167,-25.4333,61.21,58,93,2.68,PT,2022-04-05 18:26:15
2,Puerto Ayora,-0.7393,-90.3518,84.16,86,66,7.0,EC,2022-04-05 18:26:16
3,Esperance,-33.8667,121.9,60.64,72,94,6.73,AU,2022-04-05 18:26:16
4,Albany,42.6001,-73.9662,59.4,41,59,1.99,US,2022-04-05 18:26:47
5,Jieshi,22.8134,115.8257,70.95,72,46,6.49,CN,2022-04-05 18:26:48
6,Atuona,-9.8,-139.0333,79.0,75,52,23.87,PF,2022-04-05 18:26:48
7,Rikitea,-23.1203,-134.9692,78.85,69,13,19.91,PF,2022-04-05 18:26:48
8,Mananara,-16.1667,49.7667,75.9,95,90,4.09,MG,2022-04-05 18:26:49
9,Bereda,43.2686,-7.5406,48.58,64,0,6.6,ES,2022-04-05 18:26:49
10,Bredasdorp,-34.5322,20.0403,61.34,67,30,14.38,ZA,2022-04-05 18:29:36
11,Mayo,38.8876,-76.5119,56.39,92,100,7.0,US,2022-04-05 18:29:37
12,Aljezur,37.3191,-8.8033,55.47,84,100,7.43,PT,2022-04-05 18:29:37
13,Malanje,-9.5402,16.341,67.59,94,100,4.36,AO,2022-04-05 18:29:37
14,Bluff,-46.6,168.3333,53.26,72,96,31.94,NZ,2022-04-05 18:29:38
15,Punta Arenas,-53.15,-70.9167,46.51,49,40,14.97,CL,2022-04-05 18:29:13
16,Nioro,13.35,-15.75,99.25,15,0,7.74,GM,2022-04-05 18:29:38
17,Cidreira,-30.1811,-50.2056,71.62,69,85,10.02,BR,2022-04-05 18:29:38
18,Jiwani,25.05,61.7417,80.37,70,9,9.28,PK,2022-04-05 18:29:39
19,Rhyl,53.3196,-3.4886,53.83,86,100,18.28,GB,2022-04-05 18:29:39
20,Kapaa,22.0752,-159.319,75.18,99,100,11.5,US,2022-04-05 18:29:39
21,Mataura,-46.1927,168.8643,48.51,85,98,9.69,NZ,2022-04-05 18:29:40
22,Kirakira,-10.4544,161.9205,79.92,87,99,12.8,SB,2022-04-05 18:29:40
23,Castro,-24.7911,-50.0119,77.65,63,24,4.65,BR,2022-04-05 18:29:01
24,Darhan,49.4867,105.9228,35.94,41,82,5.41,MN,2022-04-05 18:26:54
25,Thompson,55.7435,-97.8558,35.76,75,100,11.5,CA,2022-04-05 18:26:55
26,Monrovia,6.3005,-10.7969,85.77,78,28,11.99,LR,2022-04-05 18:29:40
27,Souillac,-20.5167,57.5167,79.18,94,75,9.22,MU,2022-04-05 18:26:55
28,Kawalu,-7.3817,108.2082,71.8,97,95,1.68,ID,2022-04-05 18:26:56
29,Butaritari,3.0707,172.7902,80.87,82,25,17.11,KI,2022-04-05 18:26:56
30,Sinnamary,5.3833,-52.95,80.2,84,60,12.77,GF,2022-04-05 18:29:41
31,Bethel,41.3712,-73.414,59.38,46,75,9.22,US,2022-04-05 18:26:57
32,Semnan,35.5729,53.3971,69.08,18,13,3.15,IR,2022-04-05 18:26:57
33,Santiago Del Estero,-27.7951,-64.2615,81.77,51,82,5.35,AR,2022-04-05 18:29:41
34,Cape Town,-33.9258,18.4232,60.89,86,40,10.36,ZA,2022-04-05 18:25:34
35,Ribeira Grande,38.5167,-28.7,64.8,72,20,5.75,PT,2022-04-05 18:26:58
36,Yellowknife,62.456,-114.3525,34.29,74,75,10.0,CA,2022-04-05 18:29:07
37,Tual,-5.6667,132.75,82.38,67,94,5.01,ID,2022-04-05 18:29:42
38,Belyy Yar,53.6039,91.3903,39.09,87,97,2.24,RU,2022-04-05 18:29:42
39,Sao Filipe,14.8961,-24.4956,70.79,73,9,14.58,CV,2022-04-05 18:29:43
40,Zyryanovsk,49.7386,84.2719,33.51,98,98,0.6,KZ,2022-04-05 18:26:59
41,Eagle Pass,28.7091,-100.4995,92.26,40,0,0.0,US,2022-04-05 18:26:45
42,Jinxiang,27.4327,120.6062,58.01,83,47,5.59,CN,2022-04-05 18:29:43
43,Griffith,41.5284,-87.4237,60.31,60,0,5.99,US,2022-04-05 18:27:00
44,Busselton,-33.65,115.3333,56.52,71,54,7.9,AU,2022-04-05 18:29:44
45,Hobart,-42.8794,147.3294,53.46,72,100,6.91,AU,2022-04-05 18:30:44
46,Fort Nelson,58.8053,-122.7002,33.39,60,20,2.3,CA,2022-04-05 18:30:45
47,Port Alfred,-33.5906,26.891,60.19,76,6,6.62,ZA,2022-04-05 18:28:01
48,Barrow,71.2906,-156.7887,-14.78,84,100,6.91,US,2022-04-05 18:30:45
49,Ninghai,29.2892,121.4247,54.41,82,96,2.13,CN,2022-04-05 18:30:45
50,Jamestown,42.097,-79.2353,63.05,33,0,11.5,US,2022-04-05 18:24:22
51,Port Lincoln,-34.7333,135.8667,60.62,79,36,15.14,AU,2022-04-05 18:28:02
52,Okha,53.5739,142.9478,28.98,98,100,12.59,RU,2022-04-05 18:28:03
53,Tautira,-17.7333,-149.15,81.82,80,40,23.06,PF,2022-04-05 18:30:46
54,Saint George,37.1041,-113.5841,79.39,18,0,12.66,US,2022-04-05 18:28:03
55,Lavrentiya,65.5833,-171.0,-7.58,92,68,8.55,RU,2022-04-05 18:28:04
56,Fairbanks,64.8378,-147.7164,18.3,74,100,1.95,US,2022-04-05 18:27:48
57,Saskylakh,71.9167,114.0833,-25.44,100,67,2.15,RU,2022-04-05 18:30:47
58,Constitucion,-35.3333,-72.4167,65.28,60,8,12.57,CL,2022-04-05 18:30:47
59,Tuktoyaktuk,69.4541,-133.0374,-13.0,70,75,5.75,CA,2022-04-05 18:28:50
60,Upernavik,72.7868,-56.1549,26.33,94,100,7.09,GL,2022-04-05 18:30:41
61,Kavieng,-2.5744,150.7967,79.9,85,100,18.14,PG,2022-04-05 18:30:48
62,Ginir,7.1333,40.7,63.01,49,13,4.03,ET,2022-04-05 18:30:48
63,Nur,52.6683,22.3221,34.54,91,100,7.4,PL,2022-04-05 18:30:48
64,Quba,41.3626,48.5152,48.47,67,100,3.33,AZ,2022-04-05 18:30:48
65,Akdepe,42.0551,59.3788,62.69,47,100,13.82,TM,2022-04-05 18:30:49
66,Adrar,20.5022,-10.0711,90.12,15,2,6.82,MR,2022-04-05 18:28:07
67,Faanui,-16.4833,-151.75,82.94,76,65,21.14,PF,2022-04-05 18:28:08
68,New Norfolk,-42.7826,147.0587,53.1,68,82,1.25,AU,2022-04-05 18:30:49
69,Ushuaia,-54.8,-68.3,40.66,75,75,29.93,AR,2022-04-05 18:28:04
70,Arraial Do Cabo,-22.9661,-42.0278,78.76,89,40,17.27,BR,2022-04-05 18:30:50
71,Katsuura,35.1333,140.3,56.59,82,100,2.17,JP,2022-04-05 18:30:50
72,Harrison,30.4091,-89.0436,66.27,88,100,10.36,US,2022-04-05 18:28:09
73,Biak,-0.9131,122.8766,76.37,82,100,3.18,ID,2022-04-05 18:30:50
74,Dom Pedrito,-30.9828,-54.6731,71.51,72,100,4.94,BR,2022-04-05 18:30:51
75,Springbok,-29.6643,17.8865,52.93,80,13,6.29,ZA,2022-04-05 18:28:10
76,Shulan,44.4167,126.95,28.27,31,0,13.38,CN,2022-04-05 18:30:51
77,Clyde River,70.4692,-68.5914,10.63,72,20,3.44,CA,2022-04-05 18:29:43
78,Iskateley,67.6803,53.1512,-4.83,100,36,5.68,RU,2022-04-05 18:28:11
79,Paamiut,61.994,-49.6678,32.31,86,97,1.07,GL,2022-04-05 18:28:12
80,Ileza,61.0533,43.9002,29.05,91,72,8.55,RU,2022-04-05 18:28:12
81,Talara,-4.5772,-81.2719,88.56,48,0,16.11,PE,2022-04-05 18:30:52
82,Vangaindrano,-23.35,47.6,75.4,91,5,4.23,MG,2022-04-05 18:28:13
83,Miri,4.4148,114.0089,77.14,94,40,3.44,MY,2022-04-05 18:28:13
84,Port Blair,11.6667,92.75,81.03,76,97,6.49,IN,2022-04-05 18:28:13
85,Aykhal,66.0,111.5,-9.6,100,100,4.34,RU,2022-04-05 18:30:53
86,Mount Gambier,-37.8333,140.7667,57.11,94,100,11.5,AU,2022-04-05 18:30:53
87,Pevek,69.7008,170.3133,-25.96,100,96,4.92,RU,2022-04-05 18:28:14
88,Hovd,48.0056,91.6419,43.52,34,5,0.96,MN,2022-04-05 18:31:54
89,Richards Bay,-28.783,32.0377,72.32,89,21,2.28,ZA,2022-04-05 18:31:55
90,Labuhan,-6.8844,112.2051,77.47,86,100,6.55,ID,2022-04-05 18:31:56
91,Dicabisagan,17.0818,122.4157,76.08,89,83,8.1,PH,2022-04-05 18:31:58
92,Khatanga,71.9667,102.5,-12.26,93,10,8.19,RU,2022-04-05 18:31:59
93,Avarua,-21.2078,-159.775,80.65,89,75,4.61,CK,2022-04-05 18:29:26
94,Kavaratti,10.5669,72.642,83.48,74,22,6.89,IN,2022-04-05 18:32:02
95,Nantucket,41.2835,-70.0995,55.51,57,0,11.5,US,2022-04-05 18:32:03
96,Montclair,40.8259,-74.209,59.99,41,100,12.66,US,2022-04-05 18:30:38
97,Wanning,18.8003,110.3967,69.71,88,95,6.87,CN,2022-04-05 18:32:06
98,Chokurdakh,70.6333,147.9167,-21.26,100,97,4.09,RU,2022-04-05 18:29:55
99,Lyuban,52.7985,28.0048,34.79,95,100,11.54,BY,2022-04-05 18:32:08
100,Sabang,5.8933,95.3214,78.37,82,100,3.65,ID,2022-04-05 18:32:10
101,Pokaran,26.9167,71.9167,86.36,10,8,8.52,IN,2022-04-05 18:32:11
102,Port Elizabeth,-33.918,25.5701,66.31,69,0,18.01,ZA,2022-04-05 18:29:02
103,Kaitangata,-46.2817,169.8464,50.36,82,98,12.44,NZ,2022-04-05 18:32:12
104,Mana,5.6592,-53.7767,80.96,77,81,11.99,GF,2022-04-05 18:32:09
105,Kruisfontein,-34.0033,24.7314,62.89,71,16,15.43,ZA,2022-04-05 18:28:55
106,Qaanaaq,77.484,-69.3632,12.61,89,19,2.26,GL,2022-04-05 18:32:14
107,Mar Del Plata,-38.0023,-57.5575,77.02,40,0,23.02,AR,2022-04-05 18:28:58
108,Sola,-13.8833,167.55,82.69,74,93,13.85,VU,2022-04-05 18:29:29
109,Sidi Ali,36.0998,0.4206,52.52,93,30,23.15,DZ,2022-04-05 18:32:16
110,Jasper,37.2001,-94.3502,72.1,62,20,14.97,US,2022-04-05 18:30:34
111,Kankon,15.0167,74.0167,76.8,80,41,3.78,IN,2022-04-05 18:32:16
112,Birjand,32.8663,59.2211,66.67,9,0,4.61,IR,2022-04-05 18:32:17
113,Ous,60.9058,61.5186,25.9,91,100,8.39,RU,2022-04-05 18:32:17
114,Coquimbo,-29.9533,-71.3436,66.69,65,0,5.7,CL,2022-04-05 18:29:28
115,Sulangan,11.1373,123.7228,81.0,80,100,14.79,PH,2022-04-05 18:32:17
116,Airai,-8.9266,125.4092,57.96,89,23,2.19,TL,2022-04-05 18:32:18
117,Oldmeldrum,57.3349,-2.3199,35.19,72,100,5.75,GB,2022-04-05 18:32:19
118,Ostrovnoy,68.0531,39.5131,26.06,88,100,14.2,RU,2022-04-05 18:32:20
119,East London,-33.0153,27.9116,65.34,63,0,8.05,ZA,2022-04-05 18:29:17
120,Hamilton,39.1834,-84.5333,54.99,95,100,10.36,US,2022-04-05 18:30:23
121,Lagoa,39.05,-27.9833,59.83,83,39,12.5,PT,2022-04-05 18:32:22
122,Provideniya,64.3833,-173.3,2.43,78,55,6.53,RU,2022-04-05 18:32:23
123,Tiksi,71.6872,128.8694,-17.79,100,100,1.63,RU,2022-04-05 18:32:24
124,Atasu,48.6814,71.6433,42.89,88,56,8.43,KZ,2022-04-05 18:32:26
125,Hermanus,-34.4187,19.2345,61.81,78,1,14.54,ZA,2022-04-05 18:32:27
126,Palmer,42.1584,-72.3287,61.63,35,40,3.44,US,2022-04-05 18:32:28
127,Tessalit,20.1986,1.0114,93.36,5,0,3.94,ML,2022-04-05 18:32:29
128,Uruzgan,32.8333,66.0,65.37,21,0,1.54,AF,2022-04-05 18:32:30
129,Hithadhoo,-0.6,73.0833,82.96,66,15,4.74,MV,2022-04-05 18:32:31
130,Santa Lucia,27.9117,-15.5407,58.77,51,75,23.02,ES,2022-04-05 18:32:32
131,Bumba,2.1833,22.4667,70.7,98,100,4.94,CD,2022-04-05 18:32:34
132,Atambua,-9.1061,124.8925,71.91,89,34,3.91,ID,2022-04-05 18:32:34
133,Paita,-5.0892,-81.1144,78.35,68,7,14.99,PE,2022-04-05 18:32:35
134,Lata,40.1629,-8.3327,55.36,50,98,4.45,PT,2022-04-05 18:29:41
135,Murchison,-41.8,172.3333,59.34,99,100,2.82,NZ,2022-04-05 18:32:36
136,Abu Samrah,35.3029,37.1841,69.28,31,100,4.56,SY,2022-04-05 18:33:36
137,Husavik,66.0449,-17.3389,26.37,93,100,29.3,IS,2022-04-05 18:31:53
138,Kibara,-2.15,33.45,67.17,84,100,15.55,TZ,2022-04-05 18:33:37
139,Pokhara,28.2333,83.9833,71.87,33,14,6.67,NP,2022-04-05 18:33:37
140,Saint-Philippe,-21.3585,55.7679,78.39,87,66,10.07,RE,2022-04-05 18:29:43
141,Cabo San Lucas,22.8909,-109.9124,79.61,62,0,12.66,MX,2022-04-05 18:33:37
142,Cherkasskoye,52.4333,47.2167,31.59,87,76,5.32,RU,2022-04-05 18:33:38
143,Porto Belo,-27.1578,-48.5531,78.8,77,45,10.69,BR,2022-04-05 18:33:38
144,Hasaki,35.7333,140.8333,50.4,76,100,5.84,JP,2022-04-05 18:33:38
145,Carnarvon,-24.8667,113.6333,73.47,83,0,9.22,AU,2022-04-05 18:33:39
146,San Cristobal,7.7669,-72.225,80.78,55,100,5.77,VE,2022-04-05 18:33:39
147,College,64.8569,-147.8028,18.28,73,98,2.06,US,2022-04-05 18:33:40
148,Luderitz,-26.6481,15.1594,62.19,81,1,14.2,NA,2022-04-05 18:29:19
149,Rawson,-43.3002,-65.1023,76.06,33,49,24.07,AR,2022-04-05 18:33:40
150,Mayya,61.7333,130.2811,6.12,97,100,4.94,RU,2022-04-05 18:33:40
151,Vostok,46.4856,135.8833,20.95,85,100,10.76,RU,2022-04-05 18:31:06
152,Torbay,47.6666,-52.7314,40.75,93,100,12.66,CA,2022-04-05 18:33:41
153,Moshupa,-24.7782,25.4155,71.83,53,53,4.03,BW,2022-04-05 18:33:41
154,Pisco,-13.7,-76.2167,71.65,73,0,9.22,PE,2022-04-05 18:30:32
155,Altamira,-3.2033,-52.2064,86.09,74,40,6.91,BR,2022-04-05 18:31:51
156,Ahipara,-35.1667,173.1667,66.02,95,100,7.05,NZ,2022-04-05 18:33:42
157,Tadine,-21.55,167.8833,73.31,92,100,3.11,NC,2022-04-05 18:33:42
158,Codrington,-38.2667,141.9667,58.68,80,100,9.91,AU,2022-04-05 18:33:42
159,Kefamenanu,-9.4467,124.4781,69.12,95,10,2.46,ID,2022-04-05 18:33:42
160,Porto Walter,-8.2686,-72.7439,84.36,67,100,2.24,BR,2022-04-05 18:33:43
161,Alakurtti,66.9672,30.3491,29.8,96,100,14.88,RU,2022-04-05 18:33:43
162,Hohoe,7.1518,0.4736,81.39,76,100,5.59,GH,2022-04-05 18:33:43
163,Redlands,34.0556,-117.1825,86.52,48,0,5.99,US,2022-04-05 18:31:44
164,Jiexiu,37.0244,111.9125,57.54,14,0,2.91,CN,2022-04-05 18:33:44
165,Anloga,5.7947,0.8973,82.99,82,25,12.5,GH,2022-04-05 18:33:44
166,Cabedelo,-6.9811,-34.8339,84.87,71,81,13.27,BR,2022-04-05 18:29:04
167,Sarangani,5.4033,125.4636,79.38,84,100,14.56,PH,2022-04-05 18:33:45
168,Lindi,-10.0,39.7167,76.3,92,42,0.87,TZ,2022-04-05 18:33:45
169,Madimba,-10.4,40.3333,79.5,85,21,4.21,TZ,2022-04-05 18:33:45
170,Kahului,20.8947,-156.47,75.85,72,20,10.0,US,2022-04-05 18:33:11
171,Katrineholm,58.9959,16.2072,31.73,57,0,9.71,SE,2022-04-05 18:33:46
172,Mahajanga,-15.7167,46.3167,81.25,75,0,3.87,MG,2022-04-05 18:33:46
173,Carutapera,-1.195,-46.02,76.23,94,100,3.87,BR,2022-04-05 18:33:46
174,Pitimbu,-7.4706,-34.8086,84.79,72,100,12.35,BR,2022-04-05 18:33:47
175,Saldanha,-33.0117,17.9442,60.85,80,0,7.2,ZA,2022-04-05 18:33:47
176,Chuy,-33.6971,-53.4616,71.78,32,0,7.02,UY,2022-04-05 18:33:47
177,Lianzhou,24.7811,112.3825,62.47,82,9,2.82,CN,2022-04-05 18:33:48
178,Totma,59.9747,42.7642,31.39,88,100,10.71,RU,2022-04-05 18:33:48
179,Flinders,-34.5833,150.8552,66.18,89,100,3.0,AU,2022-04-05 18:33:48
180,Rawah,34.4816,41.9093,77.61,17,98,6.31,IQ,2022-04-05 18:33:48
181,Iqaluit,63.7506,-68.5145,8.33,78,75,27.63,CA,2022-04-05 18:33:49
182,Neuquen,-38.9516,-68.0591,78.69,29,0,3.44,AR,2022-04-05 18:33:49
183,Bairnsdale,-37.8333,147.6167,54.05,95,100,2.71,AU,2022-04-05 18:33:49
184,Sioux Lookout,50.1001,-91.917,35.67,69,75,9.22,CA,2022-04-05 18:34:50
185,Vardo,70.3705,31.1107,31.98,80,75,29.93,NO,2022-04-05 18:34:50
186,Mogadishu,2.0371,45.3438,81.43,75,66,15.55,SO,2022-04-05 18:34:50
187,Komsomolskiy,40.4272,71.7189,65.12,42,0,6.91,UZ,2022-04-05 18:34:51
188,Saint Joseph,39.7686,-94.8466,66.58,67,100,15.01,US,2022-04-05 18:34:51
189,Matara,5.9485,80.5353,76.14,87,61,2.82,LK,2022-04-05 18:34:51
190,Namatanai,-3.6667,152.4333,77.65,91,100,6.82,PG,2022-04-05 18:34:52
191,Muravlenko,63.7898,74.523,33.42,98,100,26.04,RU,2022-04-05 18:34:52
192,Iquitos,-3.7481,-73.2472,89.64,58,75,4.61,PE,2022-04-05 18:34:52
193,Kiboga,0.9161,31.7742,70.54,62,82,2.44,UG,2022-04-05 18:34:53
194,Kilimatinde,-5.85,34.95,70.66,68,74,2.48,TZ,2022-04-05 18:34:53
195,Roma,43.2128,-75.4557,60.08,45,75,6.91,US,2022-04-05 18:34:53
196,Kendari,-3.945,122.4989,73.45,92,97,4.09,ID,2022-04-05 18:34:54
197,Howard Springs,-12.497,131.047,78.71,91,16,2.35,AU,2022-04-05 18:34:54
198,Okato,-39.2,173.8833,64.9,92,36,9.95,NZ,2022-04-05 18:34:54
199,Haines Junction,60.7522,-137.5108,35.55,41,17,8.05,CA,2022-04-05 18:31:19
200,Vaini,-21.2,-175.2,69.96,100,40,2.3,TO,2022-04-05 18:34:55
201,Sangar,63.9242,127.4739,-13.07,100,100,3.47,RU,2022-04-05 18:34:55
202,Lebu,-37.6167,-73.65,59.95,80,51,12.84,CL,2022-04-05 18:34:55
203,Kalmunai,7.4167,81.8167,77.88,84,69,4.43,LK,2022-04-05 18:31:37
204,Port Augusta,-32.5,137.7667,65.08,67,16,7.0,AU,2022-04-05 18:34:56
205,San Patricio,28.017,-97.5169,86.09,52,100,7.29,US,2022-04-05 18:34:56
206,Numata,36.6333,139.05,51.13,81,100,0.94,JP,2022-04-05 18:34:56
207,Pionerskiy,54.9508,20.2275,35.44,66,100,15.19,RU,2022-04-05 18:34:56
208,Beringovskiy,63.05,179.3167,-10.61,92,19,5.93,RU,2022-04-05 18:34:57
209,Severo-Kurilsk,50.6789,156.125,32.77,67,0,4.59,RU,2022-04-05 18:34:57
210,Sakakah,29.9697,40.2064,80.17,14,76,8.95,SA,2022-04-05 18:34:57
211,Luau,-10.7073,22.2247,64.74,97,100,2.64,AO,2022-04-05 18:34:58
212,Yumen,40.2833,97.2,53.82,15,4,8.5,CN,2022-04-05 18:34:58
213,Nueva Loja,0.0847,-76.8828,86.02,62,40,3.44,EC,2022-04-05 18:34:58
214,Saint-Augustin,51.226,-58.6502,33.67,99,100,14.45,CA,2022-04-05 18:34:59
215,Dagda,56.0951,27.5372,26.4,83,69,8.19,LV,2022-04-05 18:34:59
216,Berlevag,70.8578,29.0864,28.4,78,100,29.17,NO,2022-04-05 18:34:59
217,Bozoum,6.3193,16.3799,68.63,82,97,4.68,CF,2022-04-05 18:35:00
218,Grand Gaube,-20.0064,57.6608,79.2,88,100,5.01,MU,2022-04-05 18:35:00
219,Lovozero,68.005,35.0117,27.1,92,100,21.65,RU,2022-04-05 18:35:00
220,Nikki,9.9401,3.2108,91.29,30,62,2.68,BJ,2022-04-05 18:35:01
221,Cherskiy,68.75,161.3,-20.69,99,35,1.66,RU,2022-04-05 18:33:12
222,Umm Lajj,25.0213,37.2685,82.36,40,6,7.16,SA,2022-04-05 18:35:01
223,Eydhafushi,5.1033,73.0708,83.55,66,77,1.25,MV,2022-04-05 18:35:01
224,Road Town,18.4167,-64.6167,84.24,58,40,6.91,VG,2022-04-05 18:35:02
225,Kupang,-10.1667,123.5833,76.95,84,99,3.96,ID,2022-04-05 18:35:02
226,Gornopravdinsk,60.05,69.9,34.03,86,76,14.72,RU,2022-04-05 18:35:02
227,Westport,41.1415,-73.3579,58.62,52,100,3.44,US,2022-04-05 18:30:26
228,Bulgan,48.8125,103.5347,35.55,57,100,3.24,MN,2022-04-05 18:35:03
229,Alofi,-19.0595,-169.9187,71.49,88,100,6.91,NU,2022-04-05 18:35:03
230,Gore,-46.1028,168.9436,48.52,81,64,7.99,NZ,2022-04-05 18:35:03
231,Faya,18.3851,42.4509,68.11,13,0,9.51,SA,2022-04-05 18:35:04
232,Vysokogornyy,50.1167,139.15,19.9,79,91,14.97,RU,2022-04-05 18:35:04
233,Salinas,36.6777,-121.6555,70.0,59,0,8.05,US,2022-04-05 18:36:05
234,Horodnye,45.8908,28.8483,48.38,45,15,10.13,UA,2022-04-05 18:36:05
235,Hami,42.8,93.45,61.11,18,0,2.01,CN,2022-04-05 18:36:05
236,Nabire,-3.3667,135.4833,75.29,86,95,4.34,ID,2022-04-05 18:36:06
237,Ust-Kuyga,70.0167,135.6,-25.49,100,98,0.45,RU,2022-04-05 18:36:06
238,Ayios Vasilios,37.8,22.8,55.29,81,26,1.7,GR,2022-04-05 18:36:06
239,Rio Gallegos,-51.6226,-69.2181,48.25,40,75,16.11,AR,2022-04-05 18:31:39
240,Kamphaeng Phet,16.25,99.5,80.29,52,97,4.32,TH,2022-04-05 18:36:07
241,Poya,-21.35,165.15,74.48,93,100,8.59,NC,2022-04-05 18:36:07
242,Skibbereen,51.55,-9.2667,51.12,95,100,24.16,IE,2022-04-05 18:36:07
243,Tilichiki,60.4667,166.1,7.36,94,100,7.47,RU,2022-04-05 18:36:08
244,Leshan,29.5623,103.7639,58.01,86,100,0.18,CN,2022-04-05 18:36:08
245,Usinsk,65.9939,57.5281,2.79,96,100,9.93,RU,2022-04-05 18:36:08
246,Tatawin,32.9297,10.4518,66.85,57,7,6.73,TN,2022-04-05 18:36:09
247,Tomatlan,19.9333,-105.25,88.5,34,1,9.51,MX,2022-04-05 18:36:09
248,Serrinha,-11.6642,-39.0075,86.29,43,66,10.83,BR,2022-04-05 18:36:09
249,Egvekinot,66.3167,-179.1667,-10.35,73,0,5.73,RU,2022-04-05 18:36:10
250,Verkhnyaya Toyma,62.2349,44.9985,27.63,94,90,8.01,RU,2022-04-05 18:36:10
251,Segezha,63.7415,34.3222,32.2,97,100,18.5,RU,2022-04-05 18:32:13
252,Isakly,54.1333,51.5333,29.26,90,15,5.93,RU,2022-04-05 18:36:10
253,Pacific Grove,36.6177,-121.9166,68.2,74,20,7.0,US,2022-04-05 18:36:11
254,Talnakh,69.4865,88.3972,9.21,78,53,7.4,RU,2022-04-05 18:36:11
255,Norman Wells,65.282,-126.8329,-2.16,55,20,3.44,CA,2022-04-05 18:36:11
256,Laguna,38.421,-121.4238,67.28,39,0,19.57,US,2022-04-05 18:36:12
257,Klaksvik,62.2266,-6.589,34.72,59,100,20.4,FO,2022-04-05 18:36:12
258,Ancud,-41.8697,-73.8203,56.23,92,100,14.25,CL,2022-04-05 18:36:12
259,Mehamn,71.0357,27.8492,28.35,80,75,18.41,NO,2022-04-05 18:36:13
260,Dikson,73.5069,80.5464,4.73,76,100,16.93,RU,2022-04-05 18:36:13
261,Dunedin,-45.8742,170.5036,55.8,80,100,14.0,NZ,2022-04-05 18:36:13
262,Dingle,10.9995,122.6711,75.16,92,100,7.23,PH,2022-04-05 18:36:14
263,Hit,33.6416,42.8251,78.53,17,98,5.99,IQ,2022-04-05 18:36:14
264,Tasiilaq,65.6145,-37.6368,24.96,91,55,5.3,GL,2022-04-05 18:36:14
265,Georgetown,5.4112,100.3354,78.73,99,40,3.44,MY,2022-04-05 18:33:43
266,Kamenka,51.3223,42.7678,36.03,69,100,10.67,RU,2022-04-05 18:36:15
267,Cockburn Town,21.4612,-71.1419,82.36,61,40,11.5,TC,2022-04-05 18:36:15
268,Ambanja,-13.6833,48.45,76.06,92,100,2.39,MG,2022-04-05 18:36:15
269,Sitka,57.0531,-135.33,37.29,75,75,0.0,US,2022-04-05 18:36:16
270,Aquiraz,-3.9014,-38.3911,86.09,75,64,9.17,BR,2022-04-05 18:36:16
271,Half Moon Bay,37.4636,-122.4286,68.11,53,0,6.91,US,2022-04-05 18:32:30
272,Jumla,29.2747,82.1838,48.87,31,99,4.65,NP,2022-04-05 18:36:16
273,Okakarara,-20.5833,17.4333,69.62,39,0,8.3,NA,2022-04-05 18:36:17
274,Port Washington,40.8257,-73.6982,57.79,44,100,10.36,US,2022-04-05 18:36:17
275,Muros,42.7762,-9.0603,64.69,52,0,14.05,ES,2022-04-05 18:36:17
276,Sault Sainte Marie,46.5168,-84.3333,40.82,82,100,9.22,CA,2022-04-05 18:32:41
277,Nanortalik,60.1432,-45.2371,34.39,81,74,4.52,GL,2022-04-05 18:31:19
278,Malpe,13.35,74.7167,83.5,81,89,4.54,IN,2022-04-05 18:36:18
279,Puerto Carreno,6.189,-67.4859,80.58,83,75,8.05,CO,2022-04-05 18:36:18
280,Stornoway,58.2093,-6.3865,40.96,97,75,6.91,GB,2022-04-05 18:37:19
281,Aleksandrov Gay,50.147,48.5704,39.4,66,83,9.46,RU,2022-04-05 18:37:19
282,Hirara,24.8,125.2833,68.11,57,65,7.7,JP,2022-04-05 18:37:19
283,Lapusnicel,44.9831,22.2269,41.22,72,0,5.37,RO,2022-04-05 18:37:20
284,Najran,17.4924,44.1277,77.65,10,0,4.38,SA,2022-04-05 18:37:20
285,Coihaique,-45.5752,-72.0662,61.41,82,100,10.36,CL,2022-04-05 18:37:20
286,Maragogi,-9.0122,-35.2225,80.82,76,100,7.83,BR,2022-04-05 18:37:21
287,Naze,28.3667,129.4833,50.92,65,83,0.6,JP,2022-04-05 18:37:21
288,Homer,59.6425,-151.5483,34.81,79,75,6.91,US,2022-04-05 18:37:21
289,Spas,48.8899,24.0629,41.13,80,86,10.78,UA,2022-04-05 18:37:22
290,Douentza,14.9951,-2.9517,95.16,14,1,6.04,ML,2022-04-05 18:37:22
291,Kaohsiung,22.6163,120.3133,72.03,82,40,2.3,TW,2022-04-05 18:33:12
292,Touros,-5.1989,-35.4608,83.37,69,11,14.2,BR,2022-04-05 18:37:23
293,Bantry,51.6833,-9.45,50.79,93,100,21.61,IE,2022-04-05 18:37:23
294,Tuatapere,-46.1333,167.6833,48.88,81,32,12.57,NZ,2022-04-05 18:37:23
295,Los Llanos De Aridane,28.6585,-17.9182,60.55,72,75,20.71,ES,2022-04-05 18:37:23
296,Broome,42.2506,-75.833,63.43,41,0,8.05,US,2022-04-05 18:37:24
297,Dwarka,22.2394,68.9678,79.59,74,99,11.12,IN,2022-04-05 18:37:16
298,Nedumangad,8.6,77.0,79.88,83,20,0.0,IN,2022-04-05 18:37:24
299,Almaznyy,48.0448,40.045,38.03,52,16,9.93,RU,2022-04-05 18:37:25
300,Verkhnyaya Inta,65.9811,60.3094,10.15,96,100,6.78,RU,2022-04-05 18:37:25
301,Papetoai,-17.4961,-149.8729,83.79,74,4,20.13,PF,2022-04-05 18:37:25
302,Saint-Leu,-21.15,55.2833,77.86,83,25,2.59,RE,2022-04-05 18:37:26
303,Zyryanka,65.75,150.85,-22.59,100,99,1.48,RU,2022-04-05 18:37:26
304,Zhanakorgan,43.9098,67.2495,67.91,39,92,6.49,KZ,2022-04-05 18:37:26
305,Petropavlovsk-Kamchatskiy,53.0452,158.6483,34.39,69,0,2.24,RU,2022-04-05 18:37:27
306,Gat,31.61,34.7642,78.4,28,100,0.85,IL,2022-04-05 18:37:27
307,Bengkulu,-3.8004,102.2655,75.96,88,100,4.47,ID,2022-04-05 18:37:27
308,Lorengau,-2.0226,147.2712,81.82,81,100,14.88,PG,2022-04-05 18:37:28
309,Pochutla,15.7432,-96.4661,85.82,36,0,12.01,MX,2022-04-05 18:37:28
310,Sao Felix Do Xingu,-6.6447,-51.995,83.05,73,100,3.42,BR,2022-04-05 18:37:28
311,Pierre,44.3683,-100.351,52.05,76,100,16.11,US,2022-04-05 18:34:15
312,Auki,-8.7676,160.7034,75.74,95,100,7.14,SB,2022-04-05 18:37:29
313,Chapais,49.7834,-74.8492,35.38,59,91,2.44,CA,2022-04-05 18:37:29
314,Vestmannaeyjar,63.4427,-20.2734,29.39,80,40,4.61,IS,2022-04-05 18:37:29
315,Nikolskoye,59.7035,30.7861,33.69,82,74,12.48,RU,2022-04-05 18:37:30
316,Nagato,34.3833,131.2,53.2,75,100,8.88,JP,2022-04-05 18:37:30
317,Bani,18.2833,-70.3333,89.04,59,71,15.48,DO,2022-04-05 18:37:30
318,Burns Lake,54.2331,-125.7533,38.62,55,100,11.39,CA,2022-04-05 18:37:05
319,Srivardhan,18.0333,73.0167,80.13,82,10,1.59,IN,2022-04-05 18:37:31
320,Pinega,64.7001,43.3936,26.26,87,100,10.45,RU,2022-04-05 18:37:31
321,Moranbah,-22.0016,148.0466,70.83,78,64,4.63,AU,2022-04-05 18:37:32
322,Milledgeville,33.0801,-83.2321,64.54,98,100,5.75,US,2022-04-05 18:33:07
323,Alta Floresta,-9.8756,-56.0861,82.22,78,40,3.44,BR,2022-04-05 18:37:32
324,Chabahar,25.2919,60.643,78.37,77,96,2.15,IR,2022-04-05 18:37:33
325,Ayan,56.45,138.1667,25.38,94,100,30.18,RU,2022-04-05 18:38:33
326,Bafoulabe,13.8065,-10.8321,100.42,11,79,8.55,ML,2022-04-05 18:38:33
327,Ishigaki,24.3448,124.1572,68.13,73,20,9.22,JP,2022-04-05 18:38:34
328,Mandalgovi,45.7625,106.2708,37.47,51,15,6.55,MN,2022-04-05 18:38:34
329,Leshukonskoye,64.8989,45.7622,23.83,82,31,7.78,RU,2022-04-05 18:38:34
330,Marrakesh,31.6315,-8.0083,57.27,62,75,14.97,MA,2022-04-05 18:34:56
331,Hambantota,6.1241,81.1185,75.54,100,40,2.3,LK,2022-04-05 18:38:35
332,Lagos,6.5833,3.75,81.54,78,1,6.15,NG,2022-04-05 18:36:03
333,Akureyri,65.6835,-18.0878,26.53,93,100,16.11,IS,2022-04-05 18:38:35
334,Vao,-22.6667,167.4833,75.72,83,100,10.09,NC,2022-04-05 18:38:36
335,Isangel,-19.55,169.2667,78.96,84,100,6.82,VU,2022-04-05 18:38:36
336,Samarai,-10.6167,150.6667,79.9,81,96,13.53,PG,2022-04-05 18:38:36
337,Mareeba,-17.0,145.4333,70.52,95,62,2.06,AU,2022-04-05 18:38:37
338,Takoradi,4.8845,-1.7554,82.09,80,56,8.43,GH,2022-04-05 18:38:37
339,San Pedro,14.35,121.0167,74.43,94,75,2.3,PH,2022-04-05 18:38:37
340,Uyuni,-20.4597,-66.825,59.32,40,80,12.1,BO,2022-04-05 18:38:38
341,Amzya,56.2354,54.3868,23.7,96,39,6.08,RU,2022-04-05 18:38:38
342,Kyra,49.5776,111.9753,22.86,51,100,2.28,RU,2022-04-05 18:38:38
343,Leningradskiy,69.3833,178.4167,-10.88,88,8,10.27,RU,2022-04-05 18:38:39
344,Port Macquarie,-31.4333,152.9167,62.49,94,40,0.0,AU,2022-04-05 18:38:39
345,Tyup,42.7276,78.3648,46.36,47,0,3.11,KG,2022-04-05 18:38:39
346,Marsh Harbour,26.5412,-77.0636,77.56,75,78,15.86,BS,2022-04-05 18:35:30
347,Erenhot,43.6475,111.9767,37.71,25,12,6.11,CN,2022-04-05 18:38:40
348,Necochea,-38.5473,-58.7368,76.26,35,76,13.31,AR,2022-04-05 18:38:40
349,Lompoc,34.6391,-120.4579,84.56,56,0,18.99,US,2022-04-05 18:38:41
350,Logan Lake,50.4998,-120.8025,42.64,60,99,6.35,CA,2022-04-05 18:38:41
351,Izumo,35.3667,132.7667,48.15,59,100,9.35,JP,2022-04-05 18:38:41
352,Eravur,7.7733,81.6095,77.4,85,20,4.59,LK,2022-04-05 18:38:42
353,Zhuhai,22.2769,113.5678,71.85,83,0,0.0,CN,2022-04-05 18:38:42
354,Baykit,61.67,96.37,25.05,97,100,2.55,RU,2022-04-05 18:38:42
355,Lethem,3.3803,-59.7968,87.85,66,40,13.8,GY,2022-04-05 18:38:43
356,Grenaa,56.4158,10.8783,39.42,69,99,17.45,DK,2022-04-05 18:38:43
357,Newtonmore,57.066,-4.1192,42.76,99,100,6.04,GB,2022-04-05 18:38:43
358,Miraflores,19.2167,-98.8083,80.02,14,0,8.84,MX,2022-04-05 18:38:43
359,Ilulissat,69.2167,-51.1,30.22,74,75,5.75,GL,2022-04-05 18:38:44
360,Matagami,49.7502,-77.6328,41.11,33,0,2.3,CA,2022-04-05 18:38:44
361,Victoria,22.2855,114.1577,72.95,75,26,5.01,HK,2022-04-05 18:35:02
362,Port Keats,-14.25,129.55,80.35,79,31,1.95,AU,2022-04-05 18:38:44
363,Lisakovsk,52.5369,62.4936,33.12,80,86,10.49,KZ,2022-04-05 18:38:45
364,Saint Anthony,45.0205,-93.218,41.25,91,100,25.32,US,2022-04-05 18:38:45
365,San Andres,12.5847,-81.7006,87.82,66,20,13.8,CO,2022-04-05 18:38:45
366,Ponta Do Sol,32.6667,-17.1,61.0,54,43,7.65,PT,2022-04-05 18:38:46
367,Artyom,40.4723,50.333,57.34,72,66,14.76,AZ,2022-04-05 18:39:46
368,Orocue,4.7912,-71.3354,84.92,64,81,5.77,CO,2022-04-05 18:39:46
369,Shingu,33.7333,135.9833,51.51,63,100,5.82,JP,2022-04-05 18:39:47
370,Salalah,17.0151,54.0924,80.69,78,40,3.44,OM,2022-04-05 18:39:47
371,Manalongon,9.2209,122.886,77.76,82,100,6.67,PH,2022-04-05 18:39:47
372,Anzio,41.4853,12.6179,55.31,64,7,6.02,IT,2022-04-05 18:39:48
373,Metro,-5.1131,105.3067,73.44,94,77,3.71,ID,2022-04-05 18:39:48
374,Kenai,60.5544,-151.2583,40.03,83,20,11.5,US,2022-04-05 18:39:48
375,Puerto Maldonado,-12.6,-69.1833,88.2,58,40,3.44,PE,2022-04-05 18:39:49
376,Jacqueville,5.2052,-4.4146,82.33,84,97,13.31,CI,2022-04-05 18:39:49
377,Abomsa,9.9833,39.9833,74.75,22,0,5.17,ET,2022-04-05 18:39:49
378,Palu,-0.8917,119.8707,75.45,90,100,2.24,ID,2022-04-05 18:39:50
379,Dongsheng,39.8161,109.9776,48.69,20,100,9.15,CN,2022-04-05 18:39:50
380,Trairi,-3.2778,-39.2689,82.31,77,2,9.51,BR,2022-04-05 18:39:50
381,Uhlove,44.8215,33.6045,45.01,78,1,10.45,UA,2022-04-05 18:39:50
382,Fortuna,40.5982,-124.1573,54.93,71,0,12.66,US,2022-04-05 18:39:51
383,Saint-Joseph,-21.3667,55.6167,77.38,86,50,8.46,RE,2022-04-05 18:39:51
384,Bambous Virieux,-20.3428,57.7575,79.05,94,75,9.22,MU,2022-04-05 18:39:51
385,Namibe,-15.1961,12.1522,70.57,80,4,8.03,AO,2022-04-05 18:39:52
386,Timizart,36.8,4.2667,55.13,93,100,2.44,DZ,2022-04-05 18:39:52
387,Strezhevoy,60.7333,77.5889,38.25,97,100,12.97,RU,2022-04-05 18:39:52
388,Makakilo City,21.3469,-158.0858,75.52,70,75,8.05,US,2022-04-05 18:39:53
389,Rio Branco,-9.9747,-67.81,88.41,70,40,2.3,BR,2022-04-05 18:37:39
390,Sisimiut,66.9395,-53.6735,28.36,92,83,4.61,GL,2022-04-05 18:39:53
391,Margate,51.3813,1.3862,55.11,67,17,1.01,GB,2022-04-05 18:35:39
392,Tunduma,-9.3,32.7667,59.16,94,18,3.0,TZ,2022-04-05 18:39:54
393,Xining,36.6167,101.7667,44.26,38,14,2.28,CN,2022-04-05 18:39:54
394,Ambilobe,-13.2,49.05,75.09,94,100,1.88,MG,2022-04-05 18:39:54
395,Alice Springs,-23.7,133.8833,69.22,32,13,0.0,AU,2022-04-05 18:39:55
396,Zemio,5.0314,25.1361,71.29,88,37,3.47,CF,2022-04-05 18:39:55
397,Pangnirtung,66.1451,-65.7125,10.4,79,75,5.75,CA,2022-04-05 18:39:55
398,La Ronge,55.1001,-105.2842,43.05,49,40,17.27,CA,2022-04-05 18:37:05
399,Taltal,-25.4,-70.4833,71.28,58,33,6.87,CL,2022-04-05 18:39:56
400,Marsa Matruh,31.3525,27.2453,89.8,12,51,5.75,EG,2022-04-05 18:39:56
401,Port Hardy,50.6996,-127.4199,46.4,81,75,11.5,CA,2022-04-05 18:39:56
402,Narsaq,60.9167,-46.05,44.82,69,30,3.94,GL,2022-04-05 18:39:57
403,Dudinka,69.4058,86.1778,19.53,79,94,15.1,RU,2022-04-05 18:39:57
404,Nahrin,36.0649,69.1334,66.45,29,0,3.89,AF,2022-04-05 18:39:57
405,Atar,20.5169,-13.0499,89.65,31,0,6.91,MR,2022-04-05 18:39:58
406,Mhlambanyatsi,-26.45,31.0167,59.04,56,0,5.46,SZ,2022-04-05 18:39:58
407,Kodiak,57.79,-152.4072,33.31,69,0,0.0,US,2022-04-05 18:39:58
408,Bud,39.447,-86.1758,53.67,95,100,9.64,US,2022-04-05 18:39:59
409,Belomorsk,64.5232,34.7668,34.59,84,100,15.19,RU,2022-04-05 18:39:59
410,Santa Maria,-29.6842,-53.8069,76.3,69,75,9.22,BR,2022-04-05 18:39:59
411,Spring Hill,28.4769,-82.5255,89.06,59,40,20.71,US,2022-04-05 18:38:35
412,Conde,-7.2597,-34.9075,83.66,74,40,13.8,BR,2022-04-05 18:40:00
413,Saint-Denis,48.9167,2.3333,55.08,82,100,10.36,FR,2022-04-05 18:37:04
414,Labuan,5.2767,115.2417,77.36,94,40,0.0,MY,2022-04-05 18:36:19
415,Molteno,-31.3968,26.3625,52.16,45,0,7.67,ZA,2022-04-05 18:41:00
416,Waddan,29.1614,16.139,91.08,8,6,3.06,LY,2022-04-05 18:41:01
417,Berdigestyakh,62.0989,126.6992,2.01,94,100,7.34,RU,2022-04-05 18:41:01
418,Longyearbyen,78.2186,15.6401,10.24,61,0,16.11,SJ,2022-04-05 18:41:01
419,Aswan,24.0934,32.907,94.3,7,0,8.05,EG,2022-04-05 18:41:02
420,Nizwa,22.9333,57.5333,80.6,14,0,5.35,OM,2022-04-05 18:41:02
421,Tateyama,34.9833,139.8667,57.58,80,100,4.88,JP,2022-04-05 18:41:02
422,Naples,40.8333,14.25,56.77,63,0,8.05,IT,2022-04-05 18:39:56
423,Agdam,39.991,46.9274,56.41,50,96,3.8,AZ,2022-04-05 18:41:03
424,Adzhamka,48.5424,32.5354,43.7,66,99,15.37,UA,2022-04-05 18:41:03
425,La Paz,-16.5,-68.15,58.98,50,40,5.75,BO,2022-04-05 18:40:12
426,Honningsvag,70.9821,25.9704,29.95,74,100,27.63,NO,2022-04-05 18:41:04
427,Korla,41.7597,86.1469,61.39,24,2,3.51,CN,2022-04-05 18:41:04
428,Huarmey,-10.0681,-78.1522,75.24,72,16,11.16,PE,2022-04-05 18:41:04
429,Hays,30.0502,-98.0336,94.24,40,0,5.01,US,2022-04-05 18:40:33
430,Sorland,67.667,12.6934,31.86,65,100,28.99,NO,2022-04-05 18:41:05
431,Oropesa,-13.5928,-71.7719,69.66,34,75,4.61,PE,2022-04-05 18:41:05
432,Bokovskaya,49.229,41.8306,41.18,53,100,8.05,RU,2022-04-05 18:41:05
433,Mount Kisco,41.2043,-73.7271,59.68,44,75,8.05,US,2022-04-05 18:41:06
434,Vila Velha,-20.3297,-40.2925,89.55,73,0,14.97,BR,2022-04-05 18:39:16
435,Alyangula,-13.8483,136.4192,75.07,94,1,1.14,AU,2022-04-05 18:41:06
436,Nome,64.5011,-165.4064,5.07,61,75,27.63,US,2022-04-05 18:40:39
437,Guerrero Negro,27.9769,-114.0611,74.01,45,0,6.26,MX,2022-04-05 18:41:07
438,Lac Du Bonnet,50.2536,-96.0612,42.69,74,100,13.2,CA,2022-04-05 18:41:07
439,Walvis Bay,-22.9575,14.5053,61.75,82,0,6.91,NA,2022-04-05 18:41:07
440,Sembakung,3.8167,117.25,73.38,98,100,4.32,ID,2022-04-05 18:41:08
441,Champerico,14.3,-91.9167,93.74,58,4,13.06,GT,2022-04-05 18:41:08
442,Tagusao,9.1924,117.8141,78.96,87,100,5.19,PH,2022-04-05 18:41:08
443,Frederico Westphalen,-27.3592,-53.3944,78.76,58,14,1.43,BR,2022-04-05 18:38:06
444,Huilong,31.8111,121.655,51.93,73,66,3.2,CN,2022-04-05 18:41:09
445,Acapulco,16.8634,-99.8901,82.22,65,0,11.5,MX,2022-04-05 18:36:23
446,Nurota,40.5614,65.6886,72.48,22,90,8.57,UZ,2022-04-05 18:41:09
447,Coahuayana,18.7333,-103.6833,85.96,43,36,8.14,MX,2022-04-05 18:41:09
448,Lubliniec,50.669,18.6844,43.5,93,100,13.0,PL,2022-04-05 18:41:10
449,Kununurra,-15.7667,128.7333,75.18,88,31,1.14,AU,2022-04-05 18:41:10
450,Asnaes,55.8123,11.5013,40.1,73,99,11.01,DK,2022-04-05 18:41:10
451,Nuuk,64.1835,-51.7216,34.41,86,75,5.75,GL,2022-04-05 18:41:11
452,Tamandare,-8.7597,-35.1047,81.46,73,100,7.49,BR,2022-04-05 18:41:11
453,Kiama,-34.6833,150.8667,66.38,91,100,1.99,AU,2022-04-05 18:41:11
454,Kismayo,-0.3582,42.5454,80.92,82,10,14.61,SO,2022-04-05 18:41:12
455,Lasa,46.6166,10.7002,52.68,93,60,4.79,IT,2022-04-05 18:41:12
456,Bardiyah,31.7561,25.0865,74.26,39,90,13.67,LY,2022-04-05 18:41:12
457,Bilibino,68.0546,166.4372,-17.34,91,15,4.0,RU,2022-04-05 18:41:13
458,Ibipeba,-11.6408,-42.0111,91.4,27,26,9.86,BR,2022-04-05 18:41:13
459,Bathsheba,13.2167,-59.5167,84.81,61,40,9.22,BB,2022-04-05 18:41:14
460,Morondava,-20.2833,44.2833,79.45,65,0,8.48,MG,2022-04-05 18:41:14
461,Sambava,-14.2667,50.1667,78.04,90,100,9.06,MG,2022-04-05 18:42:14
462,Hofn,64.2539,-15.2082,30.29,56,18,22.01,IS,2022-04-05 18:42:15
463,Soavinandriana,-19.1667,46.7333,60.73,80,50,1.79,MG,2022-04-05 18:42:15
464,Harper,4.375,-7.7169,82.17,83,38,10.18,LR,2022-04-05 18:42:15
465,Fergus Falls,46.283,-96.0776,49.26,81,40,23.02,US,2022-04-05 18:42:16
466,Shimoda,34.6667,138.95,54.1,76,100,8.5,JP,2022-04-05 18:42:16
467,Hwange,-18.3693,26.5019,73.04,71,32,1.7,ZW,2022-04-05 18:42:17
468,Minab,27.1467,57.0801,79.75,53,0,4.0,IR,2022-04-05 18:42:17
469,Serik,36.9169,31.0989,64.65,63,62,3.0,TR,2022-04-05 18:42:17
470,Perivolion,39.4206,20.0147,58.55,76,7,8.5,GR,2022-04-05 18:42:18
471,Mizan Teferi,6.9833,35.5833,66.99,66,24,2.82,ET,2022-04-05 18:42:18
472,Aklavik,68.2191,-135.0107,-7.6,59,20,5.75,CA,2022-04-05 18:42:18
473,Merauke,-8.4667,140.3333,78.62,86,90,4.7,ID,2022-04-05 18:42:19
474,Perth,-31.9333,115.8333,63.09,70,0,11.5,AU,2022-04-05 18:40:38
475,Magan,39.9683,-3.931,46.92,81,100,10.54,ES,2022-04-05 18:42:19
476,Rimbey,52.6334,-114.2353,43.32,39,85,25.12,CA,2022-04-05 18:42:20
477,Olecko,54.0337,22.507,30.9,76,98,6.71,PL,2022-04-05 18:42:20
478,Zaozerne,45.1582,33.2787,45.16,88,25,17.52,UA,2022-04-05 18:42:20
479,Benguela,-12.5763,13.4055,75.25,86,69,5.55,AO,2022-04-05 18:42:21
480,Fernley,39.608,-119.2518,61.7,33,6,11.01,US,2022-04-05 18:41:41
481,Wismar,53.9,11.4667,42.26,89,100,1.99,DE,2022-04-05 18:40:05
482,Hoi An,15.8794,108.335,71.56,89,100,8.32,VN,2022-04-05 18:42:21
483,Zhuanghe,39.7008,122.9911,42.12,30,16,11.03,CN,2022-04-05 18:42:22
484,Balclutha,-46.2339,169.75,48.85,85,100,8.05,NZ,2022-04-05 18:42:22
485,Aranos,-24.1333,19.1167,72.0,17,0,8.41,NA,2022-04-05 18:42:23
486,Elat,29.5581,34.9482,91.24,9,59,11.5,IL,2022-04-05 18:42:23
487,Charlottesville,38.0293,-78.4767,68.34,51,100,3.44,US,2022-04-05 18:41:12
488,Japura,-0.3167,102.35,72.64,99,31,1.12,ID,2022-04-05 18:42:23
489,Quime,-16.9833,-67.2167,60.57,65,69,7.74,BO,2022-04-05 18:42:24
490,North Bend,43.4065,-124.2243,53.24,80,100,6.91,US,2022-04-05 18:42:24
491,Luzhou,28.8724,105.4405,61.75,80,100,2.39,CN,2022-04-05 18:42:24
492,Xai-Xai,-25.0519,33.6442,78.8,70,23,11.81,MZ,2022-04-05 18:42:24
493,Trelew,-43.249,-65.3051,78.21,28,49,25.95,AR,2022-04-05 18:42:25
494,Thinadhoo,0.5333,72.9333,82.45,73,13,4.09,MV,2022-04-05 18:42:25
495,Nizhniy Odes,63.6445,54.856,8.22,99,69,4.25,RU,2022-04-05 18:42:26
496,Channel-Port Aux Basques,47.5702,-59.1367,30.76,93,100,27.0,CA,2022-04-05 18:42:26
497,Uige,-7.6087,15.0613,68.92,96,94,1.05,AO,2022-04-05 18:42:26
498,Talcahuano,-36.7167,-73.1167,60.12,75,13,12.53,CL,2022-04-05 18:40:15
499,Tecoanapa,16.5167,-98.75,84.33,53,0,11.79,MX,2022-04-05 18:42:27
500,Asyut,27.181,31.1837,91.58,7,6,8.72,EG,2022-04-05 18:42:27
501,Havre-Saint-Pierre,50.2334,-63.5986,33.8,69,100,17.27,CA,2022-04-05 18:42:28
502,Sao Gabriel Da Cachoeira,-0.1303,-67.0892,76.42,96,100,2.24,BR,2022-04-05 18:42:28
503,Marsabit,2.3284,37.9899,76.91,44,25,9.64,KE,2022-04-05 18:42:28
504,Arlit,18.7369,7.3853,93.94,5,36,11.97,NE,2022-04-05 18:42:28
505,Nata,8.3333,-80.5167,85.87,59,100,12.21,PA,2022-04-05 18:42:29
506,Green River,41.5286,-109.4662,37.8,35,100,38.36,US,2022-04-05 18:42:29
507,Tura,25.5198,90.2201,72.79,82,7,6.38,IN,2022-04-05 18:40:12
508,Jizan,17.3333,42.6667,86.94,40,0,4.47,SA,2022-04-05 18:43:30
509,Te Anau,-45.4167,167.7167,47.5,82,24,5.03,NZ,2022-04-05 18:43:30
510,Mitsamiouli,-11.3847,43.2844,81.93,76,2,7.56,KM,2022-04-05 18:43:30
511,Verkh-Chebula,56.0308,87.6218,43.92,75,100,13.2,RU,2022-04-05 18:43:31
512,Bonavista,48.6499,-53.1147,35.08,92,100,15.93,CA,2022-04-05 18:43:31
513,Nhulunbuy,-12.2333,136.7667,79.41,89,12,3.44,AU,2022-04-05 18:43:31
514,Port Hawkesbury,45.6169,-61.3485,37.72,79,40,19.57,CA,2022-04-05 18:43:31
515,Dalbandin,28.8947,64.4101,79.7,7,0,5.93,PK,2022-04-05 18:43:32
516,Iquique,-20.2208,-70.1431,72.37,72,98,10.4,CL,2022-04-05 18:43:32
517,Parksville,49.3163,-124.3195,51.1,79,57,20.71,CA,2022-04-05 18:39:44
518,Kashi,39.4547,75.9797,65.41,20,0,8.95,CN,2022-04-05 18:43:33
519,Karratha,-20.7377,116.8463,82.58,63,0,9.13,AU,2022-04-05 18:43:33
520,Sept-Iles,50.2001,-66.3821,37.92,35,40,9.22,CA,2022-04-05 18:38:36
521,Doncaster,53.5233,-1.1369,53.89,68,75,19.57,GB,2022-04-05 18:43:33
522,Las Matas De Farfan,18.8731,-71.5166,91.06,30,26,4.27,DO,2022-04-05 18:43:34
523,Comodoro Rivadavia,-45.8667,-67.5,58.86,72,0,11.5,AR,2022-04-05 18:39:07
524,Malakal,9.5334,31.6605,93.81,29,3,3.4,SS,2022-04-05 18:43:34
525,Cururupu,-1.8283,-44.8683,75.76,95,100,4.03,BR,2022-04-05 18:43:35
526,Wilmington,34.2257,-77.9447,78.71,53,20,18.41,US,2022-04-05 18:43:35
527,Naryan-Mar,67.6713,53.087,-2.45,100,98,6.78,RU,2022-04-05 18:43:35
528,Dogondoutchi,13.6393,4.0287,96.31,16,99,8.86,NE,2022-04-05 18:43:36
529,Burgeo,47.6167,-57.6152,34.74,82,100,24.65,CA,2022-04-05 18:43:36
530,Shasta Lake,40.6804,-122.3708,61.75,27,5,1.99,US,2022-04-05 18:43:36
531,Inyonga,-6.7167,32.0667,67.5,82,25,1.45,TZ,2022-04-05 18:43:37
532,Pak Phanang,8.3511,100.202,76.66,90,100,2.33,TH,2022-04-05 18:43:37
533,Tiarei,-17.5333,-149.3333,84.22,79,18,24.96,PF,2022-04-05 18:43:37
534,Elmira,42.0898,-76.8077,64.92,36,0,4.61,US,2022-04-05 18:43:37
535,Yerbogachen,61.2767,108.0108,14.61,96,100,3.06,RU,2022-04-05 18:43:38
536,Brewster,41.3973,-73.6171,61.66,44,75,9.22,US,2022-04-05 18:43:38
537,Yeppoon,-23.1333,150.7333,71.38,75,6,13.18,AU,2022-04-05 18:43:38
538,Umm Kaddadah,13.6017,26.6876,88.7,13,0,12.46,SD,2022-04-05 18:43:39
539,Mwinilunga,-11.7358,24.4293,63.25,91,50,2.06,ZM,2022-04-05 18:43:39
540,Wladyslawowo,54.7909,18.4009,38.75,72,87,14.94,PL,2022-04-05 18:43:39
541,Khawhai,23.3667,93.1167,55.63,92,5,2.01,IN,2022-04-05 18:43:40
542,Kaduna,10.5222,7.4383,91.81,17,100,4.83,NG,2022-04-05 18:43:40
543,Krasnoselkup,65.7,82.4667,34.3,99,100,24.4,RU,2022-04-05 18:43:40
544,Tucupita,9.0622,-62.051,85.59,61,54,8.1,VE,2022-04-05 18:43:41
545,Quatre Cocos,-20.2078,57.7625,78.91,85,98,11.63,MU,2022-04-05 18:43:41
546,Sao Jose Da Coroa Grande,-8.8978,-35.1478,81.25,74,100,8.03,BR,2022-04-05 18:43:41
547,Gubkinskiy,64.434,76.5026,35.46,99,100,23.6,RU,2022-04-05 18:43:42
548,Inirida,3.8653,-67.9239,80.78,90,100,2.57,CO,2022-04-05 18:43:42
549,Haradok,55.4624,29.9816,32.23,80,100,10.89,BY,2022-04-05 18:43:42
550,Bangkal,6.0667,121.0667,75.52,92,100,2.71,PH,2022-04-05 18:43:42
551,San Jeronimo,-11.9472,-75.2829,58.55,62,100,4.85,PE,2022-04-05 18:43:43
552,Praya,14.9215,-23.5087,75.74,57,20,20.71,CV,2022-04-05 18:43:43
553,Igarka,67.4667,86.5833,26.15,95,100,17.4,RU,2022-04-05 18:43:43
554,Bowen,-20.0167,148.2333,70.75,91,79,6.42,AU,2022-04-05 18:43:44
555,Southbridge,42.0751,-72.0334,61.36,42,15,3.0,US,2022-04-05 18:43:44
556,Talaya,61.3833,152.75,-10.25,100,99,2.13,RU,2022-04-05 18:43:44
557,Kamaishi,39.2667,141.8833,43.68,89,100,8.7,JP,2022-04-05 18:44:45
558,Aksarka,66.5606,67.7975,16.23,93,100,25.61,RU,2022-04-05 18:44:45
559,Hualmay,-11.0964,-77.6139,74.52,72,52,10.29,PE,2022-04-05 18:44:45
560,Janesville,42.6828,-89.0187,52.72,70,75,17.27,US,2022-04-05 18:44:46
561,San Rafael,-34.6177,-68.3301,81.91,18,1,6.31,AR,2022-04-05 18:42:55
562,Powell,40.1578,-83.0752,58.28,77,75,10.36,US,2022-04-05 18:44:46
563,Praia Da Vitoria,38.7333,-27.0667,62.85,72,40,7.96,PT,2022-04-05 18:44:46
564,Northam,51.0333,-4.2167,50.4,86,100,21.18,GB,2022-04-05 18:44:47
565,Belaya Gora,68.5333,146.4167,-29.02,100,60,2.15,RU,2022-04-05 18:44:47
566,Aksu,41.1231,80.2644,62.42,23,0,4.16,CN,2022-04-05 18:44:47
567,Chiredzi,-21.05,31.6667,80.8,58,77,6.64,ZW,2022-04-05 18:44:48
568,Beloha,-25.1667,45.05,74.44,79,99,2.33,MG,2022-04-05 18:44:48
569,Eureka,40.8021,-124.1637,55.2,73,6,10.0,US,2022-04-05 18:44:48
570,Teberda,43.4456,41.7448,37.04,91,100,9.31,RU,2022-04-05 18:44:49
571,Twentynine Palms,34.1356,-116.0542,85.84,19,0,7.0,US,2022-04-05 18:44:49
572,Tombouctou,20.0,-3.0,93.09,9,0,8.43,ML,2022-04-05 18:44:49
573,Pokrovsk,48.282,37.1758,39.16,56,100,15.86,UA,2022-04-05 18:44:49
574,Tulum,20.2167,-87.4667,86.54,64,8,12.3,MX,2022-04-05 18:44:50
